episode,castaway,points
2,Angelina,6
2,Aubry,21
2,Charlie,11
2,Chrissy,11
2,Christian,41
2,Cirie,11
2,Coach,16
2,Colby,6
2,Dee,11
2,Emily,6
2,Genevieve,21
2,Joe,11
2,Jonathan,21
2,Kamilla,16
2,Mike,11
2,Ozzy,6
2,Q,21
2,Rick,26
2,Rizo,6
2,Savannah,40
2,Stephenie,6
2,Tiffany,11
3,Angelina,6
3,Aubry,16
3,Charlie,11
3,Chrissy,16
3,Christian,6
3,Cirie,11
3,Coach,16
3,Colby,11
3,Dee,11
3,Emily,6
3,Genevieve,11
3,Joe,16
3,Jonathan,11
3,Kamilla,16
3,Mike,1
3,Ozzy,1
3,Q,15
3,Rick,11
3,Rizo,11
3,Stephenie,1
3,Tiffany,11
4,Angelina,1
4,Aubry,11
4,Charlie,6
4,Chrissy,6
4,Christian,11
4,Cirie,6
4,Coach,16
4,Colby,11
4,Dee,11
4,Emily,1
4,Genevieve,36
4,Joe,11
4,Jonathan,6
4,Kamilla,6
4,Mike,10
4,Ozzy,16
4,Rick,6
4,Rizo,21
4,Stephenie,6
4,Tiffany,11
5,Angelina,20
5,Aubry,6
5,Charlie,10
5,Chrissy,6
5,Christian,1
5,Cirie,1
5,Coach,6
5,Colby,11
5,Dee,1
5,Emily,1
5,Genevieve,6
5,Joe,1
5,Jonathan,1
5,Kamilla,1
5,Ozzy,6
5,Rick,1
5,Rizo,6
5,Stephenie,1
5,Tiffany,6
6,Aubry,8
6,Chrissy,8
6,Christian,23
6,Cirie,8
6,Coach,8
6,Colby,15
6,Dee,23
6,Emily,3
6,Genevieve,25
6,Joe,3
6,Jonathan,8
6,Kamilla,15
6,Ozzy,8
6,Rick,3
6,Rizo,8
6,Stephenie,23
6,Tiffany,8
7,Aubry,8
7,Chrissy,3
7,Christian,8
7,Cirie,3
7,Coach,8
7,Dee,20
7,Emily,13
7,Joe,8
7,Jonathan,3
7,Ozzy,23
7,Rick,13
7,Rizo,3
7,Stephenie,23
7,Tiffany,3
8,Aubry,3
8,Chrissy,5
8,Christian,3
8,Cirie,13
8,Coach,10
8,Emily,3
8,Joe,13
8,Jonathan,3
8,Ozzy,3
8,Rick,8
8,Rizo,8
8,Stephenie,3
8,Tiffany,18
9,Aubry,3
9,Christian,20
9,Cirie,3
9,Emily,3
9,Joe,23
9,Jonathan,3
9,Ozzy,8
9,Rick,8
9,Rizo,3
9,Stephenie,8
9,Tiffany,3
10,Aubry,8
10,Cirie,8
10,Emily,8
10,Joe,3
10,Jonathan,3
10,Ozzy,8
10,Rick,33
10,Rizo,3
10,Stephenie,20
10,Tiffany,23
11,Aubry,3
11,Cirie,8
11,Emily,5
11,Joe,3
11,Jonathan,23
11,Ozzy,40
11,Rick,13
11,Rizo,3
11,Tiffany,3
12,Aubry,13
12,Cirie,15
12,Joe,28
12,Jonathan,3
12,Rick,25
12,Rizo,8
12,Tiffany,23
13,Aubry,58
13,Joe,23
13,Jonathan,53
13,Rizo,15
13,Tiffany,15
