episode,castaway,item,points
2,Angelina,Won Group Immunity,5
2,Angelina,Survived the Week,1
2,Aubry,Won Group Immunity,5
2,Aubry,Cried on Camera,5
2,Aubry,Got an Immunity Idol,10
2,Aubry,Survived the Week,1
2,Charlie,Won Group Immunity,5
2,Charlie,Won Group Reward,5
2,Charlie,Survived the Week,1
2,Chrissy,Won Group Immunity,5
2,Chrissy,Won Group Reward,5
2,Chrissy,Survived the Week,1
2,Christian,Won Group Reward,5
2,Christian,Survived the Week,1
2,Christian,Wardrobe Malfunction,5
2,Christian,Said a Curse Word,5
2,Christian,Found an Idol,10
2,Christian,Gave His Idol to Another Player,15
2,Cirie,Won Group Reward,5
2,Cirie,Got a Game Advantage,5
2,Cirie,Survived the Week,1
2,Coach,Won Group Immunity,5
2,Coach,Won Group Reward,5
2,Coach,Said a Curse Word,5
2,Coach,Survived the Week,1
2,Colby,Won Group Immunity,5
2,Colby,Survived the Week,1
2,Dee,Won Group Immunity,5
2,Dee,Won Group Reward,5
2,Dee,Survived the Week,1
2,Emily,Won Group Reward,5
2,Emily,Survived the Week,1
2,Genevieve,Won Group Immunity,5
2,Genevieve,Cried on Camera,5
2,Genevieve,Searched Another Players Bag,10
2,Genevieve,Survived the Week,1
2,Joe,Won Group Reward,5
2,Joe,Said a Curse Word,5
2,Joe,Survived the Week,1
2,Jonathan,Won Group Immunity,5
2,Jonathan,Won Group Reward,5
2,Jonathan,Caught Seafood,10
2,Jonathan,Survived the Week,1
2,Kamilla,Won Group Immunity,5
2,Kamilla,Won Group Reward,5
2,Kamilla,Cried on Camera,5
2,Kamilla,Survived the Week,1
2,Mike,Won Group Immunity,5
2,Mike,Won Group Reward,5
2,Mike,Survived the Week,1
2,Ozzy,Won Group Reward,5
2,Ozzy,Survived the Week,1
2,Q,Won Group Immunity,5
2,Q,Said a Curse Word,5
2,Q,Caught Seafood,10
2,Q,Survived the Week,1
2,Rick,Won Group Reward,5
2,Rick,Said a Curse Word,5
2,Rick,Created a Fake Idol,15
2,Rick,Survived the Week,1
2,Rizo,Won Group Immunity,5
2,Rizo,Survived the Week,1
2,Savannah,Won Group Reward,5
2,Savannah,Cried on Camera,5
2,Savannah,Voted Out Unanimously,10
2,Savannah,Voted Out With an Advantage,10
2,Savannah,Torch Snuffed Due to Blindside,10
2,Stephenie,Won Group Immunity,5
2,Stephenie,Survived the Week,1
2,Tiffany,Won Group Immunity,5
2,Tiffany,Won Group Reward,5
2,Tiffany,Survived the Week,1
3,Angelina,Said a Curse Word,5
3,Angelina,Survived the Week,1
3,Aubry,Won Group Reward,5
3,Aubry,Won Group Immunity,5
3,Aubry,Said a Curse Word,5
3,Aubry,Survived the Week,1
3,Charlie,Won Group Reward,5
3,Charlie,Won Group Immunity,5
3,Charlie,Survived the Week,1
3,Chrissy,Won Group Reward,5
3,Chrissy,Won Group Immunity,5
3,Chrissy,Cried on Camera,5
3,Chrissy,Survived the Week,1
3,Christian,Said a Curse Word,5
3,Christian,Survived the Week,1
3,Cirie,Won Group Reward,5
3,Cirie,Won Group Immunity,5
3,Cirie,Survived the Week,1
3,Coach,Won Group Reward,5
3,Coach,Won Group Immunity,5
3,Coach,Said a Curse Word,5
3,Coach,Survived the Week,1
3,Colby,Won Group Reward,5
3,Colby,Won Group Immunity,5
3,Colby,Survived the Week,1
3,Dee,Won Group Reward,5
3,Dee,Won Group Immunity,5
3,Dee,Survived the Week,1
3,Emily,Said a Curse Word,5
3,Emily,Survived the Week,1
3,Genevieve,Won Group Reward,5
3,Genevieve,Won Group Immunity,5
3,Genevieve,Survived the Week,1
3,Joe,Won Group Reward,5
3,Joe,Won Group Immunity,5
3,Joe,Said a Curse Word,5
3,Joe,Survived the Week,1
3,Jonathan,Won Group Reward,5
3,Jonathan,Won Group Immunity,5
3,Jonathan,Survived the Week,1
3,Kamilla,Won Group Reward,5
3,Kamilla,Won Group Immunity,5
3,Kamilla,Said a Curse Word,5
3,Kamilla,Survived the Week,1
3,Mike,Survived the Week,1
3,Ozzy,Survived the Week,1
3,Q,Said a Curse Word,5
3,Q,Torch Snuffed Due to Blindside,10
3,Rick,Won Group Reward,5
3,Rick,Won Group Immunity,5
3,Rick,Survived the Week,1
3,Rizo,Won Group Reward,5
3,Rizo,Won Group Immunity,5
3,Rizo,Survived the Week,1
3,Stephenie,Survived the Week,1
3,Tiffany,Won Group Reward,5
3,Tiffany,Won Group Immunity,5
3,Tiffany,Survived the Week,1
4,Angelina,Survived the Week,1
4,Aubry,Won Group Immunity,5
4,Aubry,Won Group Reward,5
4,Aubry,Survived the Week,1
4,Charlie,Won Group Immunity,5
4,Charlie,Survived the Week,1
4,Christian,Cried on Camera,5
4,Christian,Said a Curse Word,5
4,Christian,Survived the Week,1
4,Cirie,Won Group Immunity,5
4,Cirie,Survived the Week,1
4,Coach,Won Group Immunity,5
4,Coach,Won Group Reward,5
4,Coach,Cried on Camera,5
4,Coach,Survived the Week,1
4,Colby,Won Group Immunity,5
4,Colby,Won Group Reward,5
4,Colby,Survived the Week,1
4,Dee,Won Group Immunity,5
4,Dee,Cried on Camera,5
4,Dee,Survived the Week,1
4,Emily,Survived the Week,1
4,Genevieve,Won Group Immunity,5
4,Genevieve,Won Group Reward,5
4,Genevieve,Found an Idol,10
4,Genevieve,Gave Her Idol to Another Player,15
4,Genevieve,Survived the Week,1
4,Joe,Won Group Immunity,5
4,Joe,Won Group Reward,5
4,Joe,Survived the Week,1
4,Jonathan,Won Group Immunity,5
4,Jonathan,Survived the Week,1
4,Kamilla,Won Group Immunity,5
4,Kamilla,Survived the Week,1
4,Mike,Torch Snuffed Due to Blindside,10
4,Ozzy,Caught Seafood,10
4,Ozzy,Said a Curse Word,5
4,Ozzy,Survived the Week,1
4,Rick,Won Group Immunity,5
4,Rick,Survived the Week,1
4,Rizo,Won Group Immunity,5
4,Rizo,Got an Idol,10
4,Rizo,Said a Curse Word,5
4,Rizo,Survived the Week,1
4,Stephenie,Said a Curse Word,5
4,Stephenie,Survived the Week,1
4,Tiffany,Won Group Immunity,5
4,Tiffany,Won Group Reward,5
4,Tiffany,Survived the Week,1
5,Angelina,Voted Out Unanimously,10
5,Angelina,Torch Snuffed Due to Blindside,10
5,Aubry,Won Group Immunity,5
5,Aubry,Survived the Week,1
5,Charlie,Torch Snuffed Due to Blindside,10
5,Chrissy,Won Group Immunity,5
5,Chrissy,Survived the Week,1
5,Christian,Survived the Week,1
5,Cirie,Survived the Week,1
5,Coach,Won Group Immunity,5
5,Coach,Survived the Week,1
5,Colby,Won Group Immunity,5
5,Colby,Said a Curse Word,5
5,Colby,Survived the Week,1
5,Dee,Survived the Week,1
5,Emily,Survived the Week,1
5,Genevieve,Won Group Immunity,5
5,Genevieve,Survived the Week,1
5,Jonathan,Survived the Week,1
5,Kamilla,Survived the Week,1
5,Ozzy,Said a Curse Word,5
5,Ozzy,Survived the Week,1
5,Rick,Survived the Week,1
5,Rizo,Said a Curse Word,5
5,Rizo,Survived the Week,1
5,Stephenie,Survived the Week,1
5,Tiffany,Won Group Immunity,5
5,Tiffany,Survived the Week,1
6,Aubry,Said a Curse Word,5
6,Aubry,Survived the Week,3
6,Chrissy,Won Group Reward,5
6,Chrissy,Survived the Week,3
6,Christian,Said a Curse Word,5
6,Christian,Won Individual Immunity,15
6,Christian,Survived the Week,3
6,Cirie,Cried on Camera,5
6,Cirie,Survived the Week,3
6,Coach,Said a Curse Word,5
6,Coach,Survived the Week,3
6,Colby,Cried on Camera,5
6,Colby,Voted Out Unanimously,10
6,Dee,Cried on Camera,5
6,Dee,Won Individual Immunity,15
6,Dee,Survived the Week,3
6,Emily,Survived the Week,3
6,Genevieve,Said a Curse Word,5
6,Genevieve,Played Shot in the Dark,10
6,Genevieve,Voted Out Unanimously,10
6,Joe,Survived the Week,3
6,Jonathan,Won Group Reward,5
6,Jonathan,Survived the Week,3
6,Kamilla,Won Group Reward,5
6,Kamilla,Torch Snuffed Due to Blindside,10
6,Ozzy,Found a Game Advantage,5
6,Ozzy,Survived the Week,3
6,Rick,Survived the Week,3
6,Rizo,Chosen to Go on a Journey,5
6,Rizo,Survived the Week,3
6,Stephenie,Won Group Reward,5
6,Stephenie,Won Individual Immunity,15
6,Stephenie,Survived the Week,3
6,Tiffany,Won Group Reward,5
6,Tiffany,Survived the Week,3
7,Aubry,Played an Idol on Themselves,5
7,Aubry,Survived the Week,3
7,Chrissy,Survived the Week,3
7,Christian,Won Group Reward,5
7,Christian,Survived the Week,3
7,Cirie,Survived the Week,3
7,Coach,Said a Curse Word,5
7,Coach,Survived the Week,3
7,Dee,Won Group Reward,5
7,Dee,Said a Curse Word,5
7,Dee,Played Shot in the Dark,10
7,Emily,Won Group Reward,5
7,Emily,Said a Curse Word,5
7,Emily,Survived the Week,3
7,Joe,Won Group Reward,5
7,Joe,Survived the Week,3
7,Jonathan,Survived the Week,3
7,Ozzy,Won Group Reward,5
7,Ozzy,Won Individual Immunity,15
7,Ozzy,Survived the Week,3
7,Rick,Won Group Reward,5
7,Rick,Said a Curse Word,5
7,Rick,Survived the Week,3
7,Rizo,Survived the Week,3
7,Stephenie,Won Group Reward,5
7,Stephenie,Chosen to Go on a Journey,5
7,Stephenie,Got a Game Advantage,5
7,Stephenie,Said a Curse Word,5
7,Stephenie,Survived the Week,3
7,Tiffany,Survived the Week,3
8,Aubry,Survived the Week,3
8,Chrissy,Said a Curse Word,5
8,Christian,Survived the Week,3
8,Cirie,Went on a Joumey,5
8,Cirie,Cried on Camera,5
8,Cirie,Survived the Week,3
8,Coach,Played Shot in the Dark,10
8,Emily,Survived the Week,3
8,Joe,Won Group Immunity,5
8,Joe,Won Group Reward,5
8,Joe,Survived the Week,3
8,Jonathan,Survived the Week,3
8,Ozzy,Survived the Week,3
8,Rick,Said a Curse Word,5
8,Rick,Survived the Week,3
8,Rizo,Said a Curse Word,5
8,Rizo,Survived the Week,3
8,Stephenie,Survived the Week,3
8,Tiffany,Said a Curse Word,5
8,Tiffany,Won Group Immunity,5
8,Tiffany,Won Group Reward,5
8,Tiffany,Survived the Week,3
9,Aubry,Survived the Week,3
9,Christian,Went on a Joumey,5
9,Christian,Said a Curse Word,5
9,Christian,Torch Snuffed Due to Blindside,10
9,Cirie,Survived the Week,3
9,Emily,Survived the Week,3
9,Joe,Said “I miss...”,5
9,Joe,Won Individual Immunity,15
9,Joe,Survived the Week,3
9,Jonathan,Survived the Week,3
9,Ozzy,Said a Curse Word,5
9,Ozzy,Survived the Week,3
9,Rick,Said a Curse Word,5
9,Rick,Survived the Week,3
9,Rizo,Survived the Week,3
9,Stephenie,Said a Curse Word,5
9,Stephenie,Survived the Week,3
9,Tiffany,Survived the Week,3
10,Aubry,Cried on Camera,5
10,Aubry,Survived the Week,3
10,Cirie,Cried on Camera,5
10,Cirie,Survived the Week,3
10,Emily,Said a Curse Word,5
10,Emily,Survived the Week,3
10,Joe,Survived the Week,3
10,Jonathan,Survived the Week,3
10,Ozzy,Cried on Camera,5
10,Ozzy,Survived the Week,3
10,Rick,Said a Curse Word,5
10,Rick,Hugged Jeff,5
10,Rick,Cried on Camera,5
10,Rick,Got a Game Advantage,5
10,Rick,Got an Idol,10
10,Rick,Survived the Week,3
10,Rizo,Survived the Week,3
10,Stephenie,Played an Advantage,5
10,Stephenie,Voted Out Unanimously,10
10,Stephenie,Got a Hug From Jeff,5
10,Tiffany,Won Individual Immunity,15
10,Tiffany,Cried on Camera,5
10,Tiffany,Survived the Week,3
11,Aubry,Survived the Week,3
11,Cirie,Played a Game Advantage at Tribal,5
11,Cirie,Survived the Week,3
11,Emily,Said a Curse Word,5
11,Joe,Survived the Week,3
11,Ozzy,Cried on Camera,5
11,Ozzy,Said a Curse Word,5
11,Ozzy,Voted Out With an Idol,10
11,Ozzy,Torch Snuffed Due to Blindside,10
11,Ozzy,Voted Out Unanimously,10
11,Rick,Cried on Camera,5
11,Rick,Played an Idol on Themselves,5
11,Rick,Survived the Week,3
11,Rizo,Survived the Week,3
11,Tiffany,Survived the Week,3
12,Aubry,Cried on Camera,5
12,Aubry,Said a Curse Word,5
12,Aubry,Survived the Week,3
12,Cirie,Chosen for Reward,5
12,Cirie,Cried on Camera,5
12,Cirie,Hugged Jeff,5
12,Joe,Won Individual Immunity,15
12,Joe,Won Individual Reward,10
12,Joe,Survived the Week,3
12,Jonathan,Survived the Week,3
12,Rick,Cried on Camera,5
12,Rick,Played Shot in the Dark,10
12,Rick,Voted Out Unanimously,10
12,Rizo,Chosen for Reward,5
12,Rizo,Survived the Week,3
12,Tiffany,Won Individual Immunity,15
12,Tiffany,Said a Curse Word,5
12,Tiffany,Survived the Week,3
13,Aubry,Came in ist Place,30
13,Aubry,Won Individual Immunity,15
13,Aubry,Cried on Camera,5
13,Aubry,Hugged Jeff,5
13,Aubry,Survived the Week,3
13,Joe,Third Place,10
13,Joe,Said a Curse Word,5
13,Joe,Cried on Camera,5
13,Joe,Survived the Week,3
13,Jonathan,Nd Place,20
13,Jonathan,Won Individual Immunity,15
13,Jonathan,Won a Fire Making Challenge,15
13,Jonathan,Survived the Week,3
13,Rizo,Cried on Camera,5
13,Rizo,Played an Idol on Themselves,5
13,Rizo,Hugged Jeff,5
13,Tiffany,Voted Out Unanimously,10
13,Tiffany,Said a Curse Word,5
