player,paid,mvp,pick1,pick2,pick3,pick4,pick5,pick6,pick7,pick8,merge_pick,swap_out
Amanda,yes,Devin,Ana,Ori,Carter,Sharonda,Danny,Jenna,Devin,Lewis,,
Avery,yes,Brady,Brady,Thien An,Jelly,Lewis,Ori,Ana,Alexis,Kristin,,
Chris,yes,Carter,Thien An,Jelly,Lewis,Mike,Carter,Cristian,Kristin,Linnea,,
Fiona,yes,Mike,Jelly,Lewis,Mike,Danny,Ori,Kristin,Ana,Rob,,
Francine,yes,Maggie,Danny,Jelly,Lewis,Maggie,Alexis,Carter,Kristin,Sharonda,,
Grant,yes,Maggie,Mike,Maggie,Lewis,Devin,Alexis,Carter,Eric,Kristin,,
John,yes,Sharonda,Devin,Jelly,Maggie,Mike,Ana,Cristian,Ori,Sharonda,,
Josiah,yes,Kristin,Mike,Devin,Patt,Jenna,Carter,Rob,Linnea,Kristin,,
Justin,yes,Kristin,Mike,Danny,Maggie,Patt,Kristin,Rob,Sharonda,Carter,,
Karyn,yes,Kristin,Danny,Jelly,Jenna,Mike,Alexis,Carter,Kristin,Ori,,
Leah,yes,Maggie,Devin,Jenna,Danny,Maggie,Ana,Kristin,Ori,Rob,,
Leigh B,yes,Linnea,Lewis,Brady,Patt,Jenna,Linnea,Alexis,Cristian,Sharonda,,
Leigh G,yes,Rob,Thien An,Jelly,Mike,Patt,Carter,Kristin,Ori,Rob,,
Mark,yes,Jenna,Jenna,Lewis,Mike,Patt,Alexis,Ana,Kristin,Rob,,
Marty,yes,Alexis,Mike,Patt,Lewis,Maggie,Linnea,Ori,Carter,Alexis,,
Nichole,yes,Jenna,Jenna,Lewis,Mike,Patt,Alexis,Carter,Kristin,Ori,,
