event,points
Wins a group Immunity Challenge,5
Wins a group Reward Challenge,5
Gets chosen to go on reward,5
Finds or gets a game advantage,5
Plays a hidden immunity idol on themselves at Tribal,5
Uses a game advantage at Tribal Council,5
Cries with tears on camera,5
Says a bleeped curse word,5
"Says ""I miss…""",5
Kisses another player still in the game,5
Heated argument / shouts at another player,5
Wardrobe malfunction / blurred nudity,5
Chooses to risk their vote,5
Finds a fake immunity idol,5
Hugs Jeff,5
Buys something with fire tokens,5
Wins an individual Reward Challenge,10
Finds a hidden immunity idol,10
Voted out holding an idol or advantage,10
Plays their Shot in the Dark,10
Torch snuffed in a blindside,10
Treated for a medical emergency,10
Chooses to forfeit the game,10
Catches seafood or wildlife,10
Tampers with or steals tribe food,10
Plays a fake immunity idol at Tribal,10
Searches through someone else's bag,10
Voted out unanimously,10
Idol played on them by another player,10
Chosen to flip the million-dollar coin,10
Sent on a journey or to Exile Island,10
Wins an individual Immunity Challenge,15
Draws a SAFE scroll from Shot in the Dark,15
Wins a fire-making challenge,15
Gives away or plays an idol for another player,15
Creates a fake immunity idol,15
Gets another player to play their fake idol,15
Forced to leave the game (not voted out),15
Returns to the game after elimination,15
Flips the million-dollar coin and survives,15
